{
  "metadata": {
    "total": 2455
  },
  "entries": [
    {
      "place": 1,
      "value": "46",
      "id": "tvojakevs",
      "clan": "GothChickz"
    },
    {
      "place": 2,
      "value": "44",
      "id": "cloudsst",
      "clan": "TreyHards"
    },
    {
      "place": 3,
      "value": "44",
      "id": "Lilavo",
      "clan": "GothChickz"
    },
    {
      "place": 4,
      "value": "40",
      "id": "Hunter69420656",
      "clan": "PakGmrz"
    },
    {
      "place": 5,
      "value": "25",
      "id": "goldknight1200",
      "clan": "BWSolo"
    },
    {
      "place": 6,
      "value": "25",
      "id": "DrWizard",
      "clan": "BWSolo"
    },
    {
      "place": 7,
      "value": "25",
      "id": "skysokp",
      "clan": "5sp"
    },
    {
      "place": 8,
      "value": "24",
      "id": "Thekillerwolf55"
    },
    {
      "place": 9,
      "value": "24",
      "id": "Snaked",
      "clan": "draingangg"
    },
    {
      "place": 10,
      "value": "23",
      "id": "m3m_",
      "clan": "Chaoss"
    }
  ]
}