{
  "metadata": {
    "total": 1785
  },
  "entries": [
    {
      "place": 1,
      "value": "82",
      "id": "A7XM",
      "clan": "Chaoss"
    },
    {
      "place": 2,
      "value": "41",
      "id": "Pwdrx",
      "clan": "Later"
    },
    {
      "place": 3,
      "value": "28",
      "id": "zeego",
      "clan": "ENCRYPT"
    },
    {
      "place": 4,
      "value": "20",
      "id": "edating",
      "clan": "BWSolo"
    },
    {
      "place": 5,
      "value": "15",
      "id": "MCMintex",
      "clan": "ENCRYPT"
    },
    {
      "place": 6,
      "value": "15",
      "id": "usb101",
      "clan": "Law"
    },
    {
      "place": 7,
      "value": "14",
      "id": "ty78"
    },
    {
      "place": 8,
      "value": "13",
      "id": "_Reeces1990",
      "clan": "Bhoppers"
    },
    {
      "place": 9,
      "value": "13",
      "id": "ADI9811",
      "clan": "TreyHards"
    },
    {
      "place": 10,
      "value": "12",
      "id": "skidevilzombie",
      "clan": "Bhoppers"
    }
  ]
}