{
  "metadata": {
    "total": 602
  },
  "entries": [
    {
      "place": 1,
      "value": "22",
      "id": "DragonWraith132",
      "clan": "ENCRYPT"
    },
    {
      "place": 2,
      "value": "20",
      "id": "zeego",
      "clan": "ENCRYPT"
    },
    {
      "place": 3,
      "value": "14",
      "id": "Tudor_F7",
      "clan": "Devoted"
    },
    {
      "place": 4,
      "value": "10",
      "id": "Shadel",
      "clan": "HolaNation"
    },
    {
      "place": 5,
      "value": "9",
      "id": "Fameless_"
    },
    {
      "place": 6,
      "value": "9",
      "id": "MCMintex",
      "clan": "ENCRYPT"
    },
    {
      "place": 7,
      "value": "9",
      "id": "Chipdrei",
      "clan": "Devoted"
    },
    {
      "place": 8,
      "value": "9",
      "id": "Zvli",
      "clan": "Devoted"
    },
    {
      "place": 9,
      "value": "8",
      "id": "stevenskoufis"
    },
    {
      "place": 10,
      "value": "7",
      "id": "Hunter69420656",
      "clan": "PakGmrz"
    }
  ]
}